-- =============================================
-- 陪诊预约系统测试数据
-- 生成时间: 2024-03-16
-- 说明: 包含所有模块的测试数据
-- 
-- 重要提示：
-- 1. 如果遇到主键重复错误，请先执行 "清空数据库.sql" 脚本
-- 2. 然后再执行本文件
-- 3. 或者手动删除数据库后重新创建
-- =============================================

-- 临时禁用外键检查
SET FOREIGN_KEY_CHECKS = 0;

-- 清空现有数据（使用TRUNCATE自动重置自增ID）
-- 注意：按照外键依赖关系的逆序清空表
TRUNCATE TABLE `chat_message`;
TRUNCATE TABLE `message_conversation`;
TRUNCATE TABLE `order_review`;
TRUNCATE TABLE `companion_income`;
TRUNCATE TABLE `orders`;
TRUNCATE TABLE `transaction_record`;
TRUNCATE TABLE `recharge_record`;
TRUNCATE TABLE `favorite`;
TRUNCATE TABLE `feedback`;
TRUNCATE TABLE `patient`;
TRUNCATE TABLE `companion_statistics`;
TRUNCATE TABLE `companion_profile`;
TRUNCATE TABLE `service_item`;
TRUNCATE TABLE `service_category`;
TRUNCATE TABLE `department`;
TRUNCATE TABLE `hospital`;
TRUNCATE TABLE `sys_user`;

-- 恢复外键检查
SET FOREIGN_KEY_CHECKS = 1;

-- =============================================
-- 1. 用户表数据 (sys_user)
-- 说明: user_type: 1-普通用户, 2-陪诊师, 3-管理员
-- 密码: 所有账号的明文密码都是 123456（未加密）
-- =============================================
INSERT INTO `sys_user` (`id`, `nickname`, `avatar`, `phone`, `password`, `balance`, `user_type`, `gender`, `birthday`, `status`, `create_time`) VALUES
(0, '系统管理员', 'https://cube.elemecdn.com/3/7c/3ea6beec64369c2642b92c6726f1epng.png', '13900000000', '123456', 0.00, 3, 0, NULL, 1, '2024-01-01 00:00:00'),
(1, '张三', 'https://placehold.co/100x100/409eff/fff?text=张三', '13800138001', '123456', 1500.00, 1, 1, '1990-05-15', 1, '2024-01-10 10:00:00'),
(2, '李四', 'https://placehold.co/100x100/67c23a/fff?text=李四', '13800138002', '123456', 800.00, 1, 2, '1992-08-20', 1, '2024-01-15 11:00:00'),
(3, '王五', 'https://placehold.co/100x100/e6a23c/fff?text=王五', '13800138003', '123456', 2000.00, 1, 1, '1988-03-10', 1, '2024-01-20 09:00:00'),
(101, '武海艳', 'https://placehold.co/100x100/ff99cc/fff?text=武', '13900139001', '123456', 5000.00, 2, 2, '1985-06-25', 1, '2024-01-05 08:00:00'),
(102, '刘明', 'https://placehold.co/100x100/409eff/fff?text=刘', '13900139002', '123456', 3500.00, 2, 1, '1987-09-12', 1, '2024-01-08 09:30:00'),
(103, '陈静', 'https://placehold.co/100x100/f56c6c/fff?text=陈', '13900139003', '123456', 4200.00, 2, 2, '1990-11-30', 1, '2024-01-12 10:00:00');

-- =============================================
-- 2. 就诊人表数据 (patient)
-- =============================================
INSERT INTO `patient` (`id`, `user_id`, `name`, `phone`, `id_card`, `gender`, `age`, `address`, `relationship`, `medical_card_no`, `is_default`, `create_time`) VALUES
(1, 1, '张三', '13800138001', '110101199005151234', 1, 34, '北京市朝阳区建国路88号', '本人', 'MC001', 1, '2024-01-10 10:30:00'),
(2, 1, '张父', '13800138011', '110101196005151234', 1, 64, '北京市朝阳区建国路88号', '父亲', 'MC002', 0, '2024-01-11 11:00:00'),
(3, 2, '李四', '13800138002', '110101199208201234', 2, 32, '北京市海淀区中关村大街1号', '本人', 'MC003', 1, '2024-01-15 11:30:00'),
(4, 3, '王五', '13800138003', '110101198803101234', 1, 36, '北京市西城区西单北大街120号', '本人', 'MC004', 1, '2024-01-20 09:30:00');

-- =============================================
-- 3. 医院表数据 (hospital)
-- =============================================
INSERT INTO `hospital` (`id`, `name`, `address`, `level`, `phone`, `status`, `create_time`) VALUES
(1, '北京协和医院', '北京市东城区帅府园1号', '三甲', '010-69156114', 1, '2024-01-01 00:00:00'),
(2, '北京大学第一医院', '北京市西城区西什库大街8号', '三甲', '010-83572211', 1, '2024-01-01 00:00:00'),
(3, '中国人民解放军总医院', '北京市海淀区复兴路28号', '三甲', '010-66887329', 1, '2024-01-01 00:00:00'),
(4, '首都医科大学附属北京天坛医院', '北京市丰台区南四环西路119号', '三甲', '010-59978888', 1, '2024-01-01 00:00:00');

-- =============================================
-- 4. 科室表数据 (department)
-- =============================================
INSERT INTO `department` (`id`, `name`, `hospital_id`, `create_time`) VALUES
(1, '心内科', 1, '2024-01-01 00:00:00'),
(2, '神经内科', 1, '2024-01-01 00:00:00'),
(3, '骨科', 1, '2024-01-01 00:00:00'),
(4, '消化内科', 2, '2024-01-01 00:00:00'),
(5, '呼吸内科', 2, '2024-01-01 00:00:00'),
(6, '泌尿外科', 3, '2024-01-01 00:00:00'),
(7, '神经外科', 4, '2024-01-01 00:00:00'),
(8, '妇产科', 1, '2024-01-01 00:00:00'),
(9, '儿科', 2, '2024-01-01 00:00:00'),
(10, '眼科', 3, '2024-01-01 00:00:00');

-- =============================================
-- 5. 服务分类表数据 (service_category)
-- 说明: 只有两种服务分类 - 陪诊服务和代办服务
-- =============================================
INSERT INTO `service_category` (`id`, `name`, `icon`, `sort`, `status`, `create_time`) VALUES
(1, '陪诊服务', 'icon-peizhen', 1, 1, '2024-01-01 00:00:00'),
(2, '代办服务', 'icon-daiban', 2, 1, '2024-01-01 00:00:00');

-- =============================================
-- 6. 服务项目表数据 (service_item)
-- 说明: 服务项目归属于两个分类 - 陪诊服务(category_id=1)和代办服务(category_id=2)
-- =============================================
INSERT INTO `service_item` (`id`, `category_id`, `name`, `description`, `features`, `price`, `type`, `sales`, `image`, `cover`, `duration`, `status`, `create_time`) VALUES
(1, 1, '全程陪诊服务', '专业陪诊师全程陪同就医', '["专业陪诊师", "全程陪同", "协助挂号", "取药送药"]', 200.00, 'companion', 156, 'https://placehold.co/400x300/409eff/fff?text=全程陪诊', 'https://placehold.co/800x600/409eff/fff?text=全程陪诊', '4-6小时', 1, '2024-01-01 00:00:00'),
(2, 1, '半日陪诊服务', '半天陪诊服务，适合简单就诊', '["半天服务", "协助挂号", "陪同就诊"]', 120.00, 'companion', 89, 'https://placehold.co/400x300/67c23a/fff?text=半日陪诊', 'https://placehold.co/800x600/67c23a/fff?text=半日陪诊', '2-3小时', 1, '2024-01-01 00:00:00'),
(3, 2, '代办取药服务', '代为取药送药上门', '["代办取药", "送药上门", "快速便捷"]', 50.00, 'agency', 234, 'https://placehold.co/400x300/e6a23c/fff?text=代办取药', 'https://placehold.co/800x600/e6a23c/fff?text=代办取药', '1小时', 1, '2024-01-01 00:00:00'),
(4, 2, '代办检查报告', '代为领取检查报告', '["代办报告", "快递配送", "省时省力"]', 30.00, 'agency', 178, 'https://placehold.co/400x300/f56c6c/fff?text=代办报告', 'https://placehold.co/800x600/f56c6c/fff?text=代办报告', '30分钟', 1, '2024-01-01 00:00:00'),
(5, 1, '术后陪护服务', '手术后专业陪护', '["专业陪护", "24小时服务", "医疗经验丰富"]', 500.00, 'companion', 45, 'https://placehold.co/400x300/909399/fff?text=术后陪护', 'https://placehold.co/800x600/909399/fff?text=术后陪护', '24小时', 1, '2024-01-01 00:00:00');

-- =============================================
-- 7. 陪诊师信息表数据 (companion_profile)
-- =============================================
INSERT INTO `companion_profile` (`id`, `user_id`, `name`, `avatar`, `gender`, `age`, `score`, `orders`, `comments`, `certified`, `qualified`, `experience`, `tags`, `services`, `intro`, `is_online`, `create_time`) VALUES
(1, 101, '武海艳', 'https://placehold.co/100x100/ff99cc/fff?text=武', '女', 39, 4.95, 328, 256, 1, 1, '5年以上', '["耐心细致", "经验丰富", "医学背景"]', '[1, 2, 5]', '从事陪诊工作5年，具有护理专业背景，熟悉各大医院就诊流程，服务细致周到。', 1, '2024-01-05 08:00:00'),
(2, 102, '刘明', 'https://placehold.co/100x100/409eff/fff?text=刘', '男', 37, 4.88, 245, 198, 1, 1, '3-5年', '["责任心强", "沟通能力好", "熟悉流程"]', '[1, 2, 3]', '3年陪诊经验，熟悉北京各大三甲医院，擅长协助老年人就医。', 1, '2024-01-08 09:30:00'),
(3, 103, '陈静', 'https://placehold.co/100x100/f56c6c/fff?text=陈', '女', 34, 4.92, 189, 156, 1, 1, '3-5年', '["温柔体贴", "专业可靠", "服务周到"]', '[1, 2, 4]', '护理专业毕业，4年陪诊经验，擅长妇产科、儿科陪诊服务。', 1, '2024-01-12 10:00:00');

-- =============================================
-- 8. 陪诊师统计表数据 (companion_statistics)
-- =============================================
INSERT INTO `companion_statistics` (`id`, `user_id`, `today_income`, `today_orders`, `month_income`, `month_orders`, `total_income`, `total_orders`, `score`, `followers`, `work_days`, `update_time`) VALUES
(1, 101, 400.00, 2, 8500.00, 42, 65600.00, 328, 4.95, 89, 456, '2024-03-16 10:00:00'),
(2, 102, 200.00, 1, 6200.00, 31, 49000.00, 245, 4.88, 67, 342, '2024-03-16 10:00:00'),
(3, 103, 350.00, 2, 5800.00, 29, 37800.00, 189, 4.92, 54, 278, '2024-03-16 10:00:00');

-- =============================================
-- 9. 订单表数据 (orders)
-- =============================================
SET FOREIGN_KEY_CHECKS = 0;
INSERT INTO `orders` (`id`, `order_no`, `user_id`, `companion_id`, `patient_id`, `service_id`, `service_name`, `service_image`, `hospital`, `department`, `appointment_time`, `pickup_option`, `pickup_address`, `remarks`, `amount`, `actual_amount`, `pay_method`, `pay_time`, `status`, `complete_time`, `create_time`) VALUES
(1, 'ORD20240310001', 1, 1, 1, 1, '全程陪诊服务', 'https://placehold.co/400x300/409eff/fff?text=全程陪诊', '北京协和医院', '心内科', '2024-03-15 09:00:00', 1, NULL, '需要轮椅', 200.00, 200.00, 3, '2024-03-10 14:30:00', 3, '2024-03-15 15:00:00', '2024-03-10 14:00:00'),
(2, 'ORD20240312001', 2, 2, 3, 2, '半日陪诊服务', 'https://placehold.co/400x300/67c23a/fff?text=半日陪诊', '北京大学第一医院', '消化内科', '2024-03-18 10:00:00', 2, '北京市海淀区中关村大街1号', '空腹检查', 120.00, 120.00, 1, '2024-03-12 16:00:00', 2, NULL, '2024-03-12 15:30:00'),
(3, 'ORD20240313001', 3, 1, 4, 1, '全程陪诊服务', 'https://placehold.co/400x300/409eff/fff?text=全程陪诊', '中国人民解放军总医院', '泌尿外科', '2024-03-20 08:30:00', 1, NULL, NULL, 200.00, 200.00, 3, '2024-03-13 10:00:00', 1, NULL, '2024-03-13 09:45:00'),
(4, 'ORD20240314001', 1, NULL, 2, 2, '半日陪诊服务', 'https://placehold.co/400x300/67c23a/fff?text=半日陪诊', '北京协和医院', '骨科', '2024-03-22 14:00:00', 1, NULL, '老人行动不便', 120.00, 120.00, 3, '2024-03-14 11:00:00', 1, NULL, '2024-03-14 10:50:00'),
(5, 'ORD20240308001', 2, 3, 3, 1, '全程陪诊服务', 'https://placehold.co/400x300/409eff/fff?text=全程陪诊', '北京协和医院', '妇产科', '2024-03-12 09:30:00', 1, NULL, NULL, 200.00, 200.00, 1, '2024-03-08 15:00:00', 3, '2024-03-12 16:00:00', '2024-03-08 14:45:00');
SET FOREIGN_KEY_CHECKS = 1;

-- =============================================
-- 10. 订单评价表数据 (order_review)
-- =============================================
SET FOREIGN_KEY_CHECKS = 0;
INSERT INTO `order_review` (`id`, `order_id`, `user_id`, `companion_id`, `user_name`, `user_avatar`, `score`, `content`, `images`, `time`) VALUES
(1, 1, 1, 1, '张三', 'https://placehold.co/100x100/409eff/fff?text=张三', 5.00, '武老师非常专业，全程陪同很贴心，帮助很大！', '[]', '2024-03-15 16:00:00'),
(2, 5, 2, 3, '李四', 'https://placehold.co/100x100/67c23a/fff?text=李四', 4.80, '陈老师服务很好，很有耐心，推荐！', '[]', '2024-03-12 17:00:00');
SET FOREIGN_KEY_CHECKS = 1;

-- =============================================
-- 11. 陪诊师收入记录表数据 (companion_income)
-- =============================================
INSERT INTO `companion_income` (`id`, `user_id`, `order_id`, `order_no`, `service_name`, `amount`, `status`, `create_time`, `settle_time`) VALUES
(1, 101, 1, 'ORD20240310001', '全程陪诊服务', 180.00, 'completed', '2024-03-15 15:00:00', '2024-03-16 00:00:00'),
(2, 102, 2, 'ORD20240312001', '半日陪诊服务', 108.00, 'pending', '2024-03-18 10:00:00', NULL),
(3, 101, 3, 'ORD20240313001', '全程陪诊服务', 180.00, 'pending', '2024-03-20 08:30:00', NULL),
(4, 103, 5, 'ORD20240308001', '全程陪诊服务', 180.00, 'completed', '2024-03-12 16:00:00', '2024-03-13 00:00:00');

-- =============================================
-- 12. 充值记录表数据 (recharge_record)
-- =============================================
INSERT INTO `recharge_record` (`id`, `user_id`, `order_no`, `amount`, `method`, `pay_status`, `complete_time`, `create_time`) VALUES
(1, 1, 'RCH20240305001', 500.00, 'wechat', 1, '2024-03-05 10:30:00', '2024-03-05 10:25:00'),
(2, 1, 'RCH20240310001', 1000.00, 'alipay', 1, '2024-03-10 15:00:00', '2024-03-10 14:55:00'),
(3, 2, 'RCH20240308001', 300.00, 'wechat', 1, '2024-03-08 11:20:00', '2024-03-08 11:15:00'),
(4, 3, 'RCH20240312001', 2000.00, 'alipay', 1, '2024-03-12 16:30:00', '2024-03-12 16:25:00');

-- =============================================
-- 13. 交易记录表数据 (transaction_record)
-- =============================================
INSERT INTO `transaction_record` (`id`, `user_id`, `type`, `title`, `amount`, `balance`, `order_no`, `time`) VALUES
(1, 1, 'recharge', '账户充值', 500.00, 500.00, 'RCH20240305001', '2024-03-05 10:30:00'),
(2, 1, 'recharge', '账户充值', 1000.00, 1500.00, 'RCH20240310001', '2024-03-10 15:00:00'),
(3, 1, 'consume', '全程陪诊服务', 200.00, 1300.00, 'ORD20240310001', '2024-03-10 14:30:00'),
(4, 1, 'consume', '半日陪诊服务', 120.00, 1180.00, 'ORD20240314001', '2024-03-14 11:00:00'),
(5, 2, 'recharge', '账户充值', 300.00, 300.00, 'RCH20240308001', '2024-03-08 11:20:00'),
(6, 2, 'consume', '全程陪诊服务', 200.00, 100.00, 'ORD20240308001', '2024-03-08 15:00:00'),
(7, 2, 'consume', '半日陪诊服务', 120.00, -20.00, 'ORD20240312001', '2024-03-12 16:00:00'),
(8, 3, 'recharge', '账户充值', 2000.00, 2000.00, 'RCH20240312001', '2024-03-12 16:30:00'),
(9, 3, 'consume', '全程陪诊服务', 200.00, 1800.00, 'ORD20240313001', '2024-03-13 10:00:00');

-- =============================================
-- 14. 收藏表数据 (favorite)
-- 注意：收藏陪诊师时 item_id 应该是 companion_profile.id (1,2,3)，而不是 user_id (101,102,103)
-- =============================================
INSERT INTO `favorite` (`id`, `user_id`, `type`, `item_id`, `name`, `avatar`, `description`, `time`) VALUES
(1, 1, 'companion', 1, '武海艳', 'https://placehold.co/100x100/ff99cc/fff?text=武', '从事陪诊工作5年，具有护理专业背景', '2024-03-10 10:00:00'),
(2, 1, 'companion', 3, '陈静', 'https://placehold.co/100x100/f56c6c/fff?text=陈', '护理专业毕业，4年陪诊经验', '2024-03-11 11:00:00'),
(3, 2, 'companion', 2, '刘明', 'https://placehold.co/100x100/409eff/fff?text=刘', '3年陪诊经验，熟悉北京各大三甲医院', '2024-03-12 09:00:00'),
(4, 1, 'service', 1, '全程陪诊服务', 'https://placehold.co/400x300/409eff/fff?text=全程陪诊', '专业陪诊师全程陪同就医', '2024-03-09 14:00:00'),
(5, 3, 'companion', 1, '武海艳', 'https://placehold.co/100x100/ff99cc/fff?text=武', '从事陪诊工作5年，具有护理专业背景', '2024-03-13 15:00:00');

-- =============================================
-- 15. 反馈表数据 (feedback)
-- =============================================
INSERT INTO `feedback` (`id`, `user_id`, `content`, `images`, `contact`, `status`, `reply`, `reply_time`, `time`) VALUES
(1, 1, '希望能增加更多的陪诊师选择', '[]', '13800138001', 'processed', '感谢您的建议，我们会持续招募优秀的陪诊师。', '2024-03-11 10:00:00', '2024-03-10 16:00:00'),
(2, 2, '预约流程很方便，服务很好', '[]', '13800138002', 'processed', '感谢您的认可，我们会继续努力！', '2024-03-13 09:00:00', '2024-03-12 18:00:00'),
(3, 3, '建议增加在线支付方式', '[]', '13800138003', 'pending', NULL, NULL, '2024-03-14 14:00:00');

-- =============================================
-- 16. 消息会话表数据 (message_conversation)
-- =============================================
INSERT INTO `message_conversation` (`id`, `user_id`, `type`, `target_id`, `name`, `avatar`, `last_message`, `last_message_time`, `unread_count`, `create_time`, `update_time`) VALUES
(1, 1, 'service', 0, '在线客服', '', '好的，我会尽快为您处理', '2024-03-15 14:30:00', 1, '2024-03-10 10:00:00', '2024-03-15 14:30:00'),
(2, 1, 'companion', 101, '武海艳', 'https://placehold.co/100x100/ff99cc/fff?text=武', '好的，明天见', '2024-03-14 16:00:00', 0, '2024-03-10 15:00:00', '2024-03-14 16:00:00'),
(3, 2, 'service', 0, '在线客服', '', '请问有什么可以帮您？', '2024-03-13 10:00:00', 2, '2024-03-12 09:00:00', '2024-03-13 10:00:00'),
(4, 2, 'companion', 102, '刘明', 'https://placehold.co/100x100/409eff/fff?text=刘', '收到，准时到达', '2024-03-15 11:00:00', 0, '2024-03-12 16:00:00', '2024-03-15 11:00:00'),
(5, 3, 'companion', 101, '武海艳', 'https://placehold.co/100x100/ff99cc/fff?text=武', '明白了，谢谢', '2024-03-16 09:00:00', 1, '2024-03-13 14:00:00', '2024-03-16 09:00:00');

-- =============================================
-- 17. 聊天消息表数据 (chat_message)
-- 说明：
-- - 用户发送消息: user_id=用户自己的ID, is_me=1
-- - 客服回复消息: user_id=0(管理员/客服), is_me=0
-- - 陪诊师回复消息: user_id=陪诊师的user_id(101,102,103), is_me=0
-- =============================================
INSERT INTO `chat_message` (`id`, `conversation_id`, `user_id`, `text`, `is_me`, `type`, `time`) VALUES
-- 用户1与客服的对话
(1, 1, 1, '你好，我想咨询一下陪诊服务', 1, 'text', '2024-03-15 14:00:00'),
(2, 1, 0, '您好！很高兴为您服务，请问有什么可以帮您？', 0, 'text', '2024-03-15 14:01:00'),
(3, 1, 1, '我父亲需要去医院检查，想预约陪诊师', 1, 'text', '2024-03-15 14:02:00'),
(4, 1, 0, '好的，我们有专业的陪诊师可以为您服务，您可以在首页选择合适的陪诊师', 0, 'text', '2024-03-15 14:03:00'),
(5, 1, 1, '好的，谢谢', 1, 'text', '2024-03-15 14:04:00'),
(6, 1, 0, '好的，我会尽快为您处理', 0, 'text', '2024-03-15 14:30:00'),

-- 用户1与陪诊师武海艳的对话
(7, 2, 1, '武老师您好，明天的陪诊麻烦您了', 1, 'text', '2024-03-14 15:00:00'),
(8, 2, 101, '您好，请放心，我会准时到达的', 0, 'text', '2024-03-14 15:05:00'),
(9, 2, 1, '需要带什么资料吗？', 1, 'text', '2024-03-14 15:10:00'),
(10, 2, 101, '请带上身份证、医保卡和之前的检查报告', 0, 'text', '2024-03-14 15:12:00'),
(11, 2, 1, '好的，明天见', 1, 'text', '2024-03-14 15:15:00'),
(12, 2, 101, '好的，明天见', 0, 'text', '2024-03-14 16:00:00'),

-- 用户2与客服的对话
(13, 3, 2, '你好', 1, 'text', '2024-03-13 09:30:00'),
(14, 3, 0, '您好！请问有什么可以帮您？', 0, 'text', '2024-03-13 09:31:00'),
(15, 3, 2, '我想取消订单', 1, 'text', '2024-03-13 09:35:00'),
(16, 3, 0, '请问有什么可以帮您？', 0, 'text', '2024-03-13 10:00:00'),

-- 用户2与陪诊师刘明的对话
(17, 4, 2, '刘老师，明天的预约时间能提前吗？', 1, 'text', '2024-03-15 10:00:00'),
(18, 4, 102, '可以的，您想提前到几点？', 0, 'text', '2024-03-15 10:05:00'),
(19, 4, 2, '9点可以吗？', 1, 'text', '2024-03-15 10:10:00'),
(20, 4, 102, '收到，准时到达', 0, 'text', '2024-03-15 11:00:00'),

-- 用户3与陪诊师武海艳的对话
(21, 5, 3, '武老师，请问医院的具体位置在哪里？', 1, 'text', '2024-03-16 08:30:00'),
(22, 5, 101, '医院在海淀区复兴路28号，我会提前到达接您', 0, 'text', '2024-03-16 08:35:00'),
(23, 5, 3, '明白了，谢谢', 1, 'text', '2024-03-16 09:00:00');

-- =============================================
-- 说明
-- =============================================
-- 1. 本SQL包含所有模块的测试数据
-- 2. 服务分类只包含 陪诊服务 和 代办服务 两种
-- 3. 聊天类型只包含 service(客服) 和 companion(陪诊师) 两种
-- 4. 消息类型只包含 text(文本) 一种
-- 5. 所有密码为明文: 123456（未加密）
-- 6. 管理员账号(ID=0)对应客服消息的回复者
-- 7. 数据之间的关联关系已正确设置
-- 8. 时间数据符合业务逻辑顺序
-- =============================================
